respondent_id,collector_id,start_date,end_date,ip_address,email_address,first_name,last_name,unique_id,pre_knowledge,pre_research_1,pre_research_2,pre_research_3,pre_research_4,pre_research_5,pre_research_6,pre_research_7,pre_research_8,pre_ability_1,pre_ability_2,pre_ability_3,pre_ability_4,pre_ability_5,pre_ability_6,pre_ethics_1,pre_ethics_2,pre_ethics_3,pre_ethics_4,pre_ethics_5,gender,role,ethnicity,first_gen,post_knowledge,post_research_1,post_research_2,post_research_3,post_research_4,post_research_5,post_research_6,post_research_7,post_research_8,post_ability_1,post_ability_2,post_ability_3,post_ability_4,post_ability_5,post_ability_6,post_ethics_1,post_ethics_2,post_ethics_3,post_ethics_4,post_ethics_5,post_ethics_1_oe,post_ethics_2_oe,post_ethics_3_oe,post_ethics_4_oe,post_ethics_5_oe
114628000001,431822954,2024-06-11,2024-06-12,227.224.138.113,coraima59@medhurst.com,Jessika,Koch,24290001,Not knowledgeable at all,Not at all confident,Not at all confident,Extremely confident,Very confident,Slightly confident,Not at all confident,Not at all confident,Somewhat confident,Good,Minimal,Minimal,Slight,Moderate,Moderate,Strongly disagree,Agree,Strongly disagree,Strongly disagree,Agree,Female,Undergraduate student,Native Hawaiian or other Pacific Islander,I'm not sure,A little knowledgeable,Somewhat confident,Extremely confident,Somewhat confident,Somewhat confident,Extremely confident,Very confident,Slightly confident,Very confident,Slight,Good,Extensive,Slight,Extensive,Slight,Agree,Strongly agree,Disagree,Neither agree nor disagree,Strongly agree,NA,NA,I remain hand young civil yet forget.,NA,NA
114628000002,431822954,2024-06-08,2024-06-09,110.241.132.50,mstamm@hermiston.com,Constance,Cummerata,24290002,Not knowledgeable at all,Very confident,Slightly confident,Not at all confident,Very confident,Not at all confident,Not at all confident,Somewhat confident,Very confident,Moderate,Moderate,Minimal,Moderate,Minimal,Good,Strongly disagree,Agree,Strongly disagree,Strongly disagree,Strongly agree,Female,Undergraduate student,White (Non-Hispanic/Latino),Yes,Not knowledgeable at all,Very confident,Not at all confident,Extremely confident,Very confident,Slightly confident,Extremely confident,Somewhat confident,Extremely confident,Extensive,Extensive,Good,Minimal,Minimal,Extensive,Strongly agree,Neither agree nor disagree,Neither agree nor disagree,Agree,Neither agree nor disagree,NA,NA,NA,NA,NA
114628000003,431822954,2024-06-21,2024-06-22,165.58.112.64,precious.feil@gmail.com,Curtiss,Keebler,24290003,Not knowledgeable at all,Slightly confident,Somewhat confident,Somewhat confident,Somewhat confident,Somewhat confident,Somewhat confident,Extremely confident,Somewhat confident,Moderate,Minimal,Moderate,Moderate,Moderate,Extensive,Neither agree nor disagree,Strongly agree,Agree,Agree,Strongly disagree,Male,Undergraduate student,American Indian or Alaskan Native,No,Extremely knowledgeable,Somewhat confident,Very confident,Slightly confident,Slightly confident,Very confident,Somewhat confident,Extremely confident,Very confident,Moderate,Good,Slight,Extensive,Extensive,Moderate,Neither agree nor disagree,Strongly agree,Strongly agree,Strongly agree,Strongly agree,NA,NA,NA,NA,NA
114628000004,431822954,2024-06-08,2024-06-09,49.34.121.147,ines52@gmail.com,Jevon,Willms,24290004,A little knowledgeable,Somewhat confident,Slightly confident,Very confident,Extremely confident,Somewhat confident,Slightly confident,Slightly confident,Slightly confident,Slight,Extensive,Moderate,Minimal,Minimal,Extensive,Strongly disagree,Neither agree nor disagree,Disagree,Agree,Neither agree nor disagree,Male,Postdoc,Hispanic or Latino,No,Extremely knowledgeable,Slightly confident,Extremely confident,Slightly confident,Slightly confident,Extremely confident,Extremely confident,Somewhat confident,Very confident,Slight,Extensive,Good,Extensive,Slight,Moderate,Neither agree nor disagree,Strongly agree,Agree,Strongly agree,Strongly agree,NA,NA,NA,NA,NA
114628000005,431822954,2024-06-02,2024-06-03,115.233.66.80,franz44@hotmail.com,Bridgett,Streich,24290005,Very knowledgeable,Very confident,Not at all confident,Not at all confident,Somewhat confident,Not at all confident,Somewhat confident,Very confident,Very confident,Moderate,Extensive,Minimal,Minimal,Good,Moderate,Strongly disagree,Neither agree nor disagree,Neither agree nor disagree,Strongly disagree,Agree,Female,Postdoc,White (Non-Hispanic/Latino),No,Very knowledgeable,Very confident,Somewhat confident,Somewhat confident,Very confident,Extremely confident,Extremely confident,Extremely confident,Extremely confident,Good,Extensive,Minimal,Extensive,Slight,Moderate,Agree,Neither agree nor disagree,Agree,Agree,Strongly agree,NA,NA,NA,NA,NA
114628000006,431822954,2024-06-10,2024-06-11,17.228.99.90,gleichner.sylvanus@yahoo.com,Squire,Quigley,24290006,A little knowledgeable,Somewhat confident,Not at all confident,Not at all confident,Not at all confident,Extremely confident,Extremely confident,Not at all confident,Slightly confident,Slight,Minimal,Moderate,Minimal,Good,Slight,Strongly disagree,Neither agree nor disagree,Neither agree nor disagree,Strongly disagree,Agree,Male,Undergraduate student,Black,Yes,A little knowledgeable,Somewhat confident,Very confident,Slightly confident,Slightly confident,Very confident,Somewhat confident,Somewhat confident,Somewhat confident,Moderate,Good,Good,Extensive,Good,Slight,Neither agree nor disagree,Strongly agree,Strongly agree,Strongly disagree,Disagree,NA,NA,NA,Save admit ahead fast stop wait. Perform clear contain quite. Where choose state me science stand.,Realize memory still. Image say picture.
114628000007,431822954,2024-06-23,2024-06-24,32.194.52.180,elodie77@plc.com,Parlee,Emard,24290007,Not knowledgeable at all,Somewhat confident,Not at all confident,Very confident,Slightly confident,Slightly confident,Slightly confident,Not at all confident,Not at all confident,Slight,Moderate,Slight,Extensive,Slight,Moderate,Agree,Neither agree nor disagree,Strongly disagree,Strongly disagree,Agree,Female,Postdoc,Hispanic or Latino,No,Very knowledgeable,Somewhat confident,Extremely confident,Extremely confident,Not at all confident,Not at all confident,Somewhat confident,Extremely confident,Extremely confident,Extensive,Extensive,Good,Extensive,Good,Slight,Disagree,Disagree,Neither agree nor disagree,Disagree,Neither agree nor disagree,Interest other couple article table behavior each. Tend black turn lay picture. Nature able dark.,Strong push near until tax go family behind. Notice say cut child that boy analysis. Similar always indicate nice side financial.,NA,Example recent join anything seat service. Significant around detail who those off across.,NA
114628000008,431822954,2024-06-24,2024-06-25,58.79.96.90,chynna.wintheiser@group.com,Arely,Farrell,24290008,Not knowledgeable at all,Very confident,Somewhat confident,Not at all confident,Very confident,Somewhat confident,Not at all confident,Not at all confident,Extremely confident,Moderate,Moderate,Minimal,Minimal,Moderate,Minimal,Neither agree nor disagree,Strongly disagree,Neither agree nor disagree,Strongly agree,Neither agree nor disagree,Female,Undergraduate student,Black,No,Very knowledgeable,Extremely confident,Extremely confident,Somewhat confident,Extremely confident,Slightly confident,Extremely confident,Not at all confident,Very confident,Slight,Extensive,Extensive,Extensive,Moderate,Extensive,Neither agree nor disagree,Strongly disagree,Neither agree nor disagree,Strongly agree,Agree,NA,These successful expect national choice charge. For minute its finally. No year discover why develop.,NA,NA,NA
114628000009,431822954,2024-06-19,2024-06-20,60.220.231.125,dwyane16@yahoo.com,Annemarie,Brekke,24290009,Not knowledgeable at all,Somewhat confident,Slightly confident,Slightly confident,Slightly confident,Extremely confident,Slightly confident,Slightly confident,Slightly confident,Moderate,Moderate,Moderate,Extensive,Slight,Extensive,Strongly agree,Agree,Neither agree nor disagree,Disagree,Strongly agree,Female,Graduate student,Hispanic or Latino,Yes,Somewhat knowledgeable,Somewhat confident,Somewhat confident,Very confident,Extremely confident,Slightly confident,Very confident,Extremely confident,Slightly confident,Extensive,Extensive,Extensive,Extensive,Slight,Extensive,Neither agree nor disagree,Strongly agree,Disagree,Strongly agree,Agree,NA,NA,Election be would manage special. Foreign blue offer over. Bill quite already pull. And school gun who item.,NA,NA
114628000010,431822954,2024-06-10,2024-06-11,243.66.50.214,joaquin.runolfsdottir@gmail.com,Victoriano,Volkman,24290010,Not knowledgeable at all,Very confident,Not at all confident,Slightly confident,Slightly confident,Slightly confident,Somewhat confident,Not at all confident,Slightly confident,Moderate,Moderate,Good,Slight,Minimal,Extensive,Agree,Strongly disagree,Strongly disagree,Disagree,Disagree,Male,Undergraduate student,Do not wish to specify,Yes,Somewhat knowledgeable,Slightly confident,Somewhat confident,Extremely confident,Somewhat confident,Extremely confident,Very confident,Slightly confident,Somewhat confident,Moderate,Extensive,Minimal,Extensive,Extensive,Slight,Disagree,Strongly agree,Disagree,Agree,Disagree,Theory card team year. Value there ago important smile rest job. Husband difference here once morning executive right.,NA,Pay visit land coach effect measure government tax. Recent knowledge smile prevent goal. Near improve person position woman.,NA,Prove trip buy relate ten TV. Management smile lot travel form. Remain experience boy well organization.
114628000011,431822954,2024-06-07,2024-06-08,69.141.247.233,dot.rice@hotmail.com,Delfina,Swift,24290011,Extremely knowledgeable,Somewhat confident,Very confident,Slightly confident,Somewhat confident,Not at all confident,Very confident,Somewhat confident,Very confident,Extensive,Minimal,Minimal,Minimal,Minimal,Extensive,Strongly disagree,Neither agree nor disagree,Disagree,Strongly agree,Neither agree nor disagree,Female,Graduate student,Black,Yes,Very knowledgeable,Somewhat confident,Extremely confident,Not at all confident,Extremely confident,Extremely confident,Very confident,Slightly confident,Somewhat confident,Slight,Extensive,Extensive,Good,Good,Moderate,Agree,Strongly agree,Strongly agree,Strongly agree,Agree,NA,NA,NA,NA,NA
114628000012,431822954,2024-06-25,2024-06-26,67.126.120.226,deshawn43@yahoo.com,Torie,Beatty,24290012,Not knowledgeable at all,Not at all confident,Not at all confident,Somewhat confident,Very confident,Not at all confident,Extremely confident,Not at all confident,Somewhat confident,Extensive,Minimal,Slight,Slight,Good,Good,Disagree,Disagree,Neither agree nor disagree,Strongly disagree,Neither agree nor disagree,Female,Undergraduate student,Black,No,Very knowledgeable,Extremely confident,Not at all confident,Somewhat confident,Extremely confident,Somewhat confident,Somewhat confident,Extremely confident,Very confident,Extensive,Extensive,Moderate,Extensive,Minimal,Minimal,Neither agree nor disagree,Agree,Agree,Disagree,Neither agree nor disagree,NA,NA,NA,Particular although station possible start. Point actually example man stage church figure lay. Shoulder cold turn through.,NA
114628000013,431822954,2024-06-22,2024-06-23,133.11.178.230,yveum@casper.com,Rand,Harber,24290013,Not knowledgeable at all,Somewhat confident,Not at all confident,Extremely confident,Extremely confident,Not at all confident,Not at all confident,Not at all confident,Somewhat confident,Moderate,Minimal,Minimal,Moderate,Good,Minimal,Strongly agree,Neither agree nor disagree,Agree,Strongly disagree,Agree,Male,Undergraduate student,Native Hawaiian or other Pacific Islander,Yes,Extremely knowledgeable,Very confident,Extremely confident,Extremely confident,Somewhat confident,Slightly confident,Very confident,Extremely confident,Very confident,Extensive,Moderate,Extensive,Moderate,Good,Good,Agree,Strongly agree,Strongly agree,Agree,Neither agree nor disagree,NA,NA,NA,NA,NA
114628000014,431822954,2024-06-19,2024-06-20,205.25.162.244,weissnat.brain@ltd.com,Earline,Koelpin,24290014,Somewhat knowledgeable,Very confident,Not at all confident,Somewhat confident,Very confident,Extremely confident,Not at all confident,Not at all confident,Somewhat confident,Good,Slight,Minimal,Minimal,Minimal,Extensive,Strongly disagree,Strongly disagree,Disagree,Strongly disagree,Neither agree nor disagree,Female,Postdoc,White (Non-Hispanic/Latino),I'm not sure,Extremely knowledgeable,Slightly confident,Very confident,Slightly confident,Slightly confident,Very confident,Very confident,Extremely confident,Somewhat confident,Good,Slight,Extensive,Good,Extensive,Moderate,Disagree,Strongly agree,Disagree,Strongly agree,Agree,Art value alone fall. Image onto environmental occur few.,NA,Win ever company oil. Difference smile somebody gun available information energy Mr. Trade nor piece term question significant president.,NA,NA
114628000015,431822954,2024-06-04,2024-06-05,149.92.83.252,emard.dedra@gmail.com,Marin,Collier,24290015,Extremely knowledgeable,Extremely confident,Somewhat confident,Very confident,Slightly confident,Not at all confident,Not at all confident,Slightly confident,Not at all confident,Minimal,Extensive,Good,Minimal,Moderate,Good,Neither agree nor disagree,Strongly disagree,Strongly disagree,Strongly disagree,Disagree,Female,Postdoc,White (Non-Hispanic/Latino),No,Very knowledgeable,Very confident,Extremely confident,Extremely confident,Slightly confident,Slightly confident,Extremely confident,Very confident,Extremely confident,Slight,Extensive,Slight,Extensive,Slight,Good,Agree,Strongly disagree,Disagree,Agree,Agree,NA,Relate Democrat responsibility election these your. Challenge Mrs will inside. Move note world culture speak yourself.,Work project million travel. Light alone clear. Pretty process money voice. Religious be last create billion.,NA,NA
114628000016,431822954,2024-06-17,2024-06-18,92.197.144.240,vzboncak@leannon.com,Aliyah,Hackett,24290016,Not knowledgeable at all,Somewhat confident,Extremely confident,Somewhat confident,Somewhat confident,Somewhat confident,Somewhat confident,Not at all confident,Not at all confident,Moderate,Minimal,Minimal,Moderate,Good,Good,Neither agree nor disagree,Agree,Agree,Neither agree nor disagree,Strongly disagree,Female,Postdoc,White (Non-Hispanic/Latino),Yes,Extremely knowledgeable,Slightly confident,Slightly confident,Very confident,Slightly confident,Not at all confident,Very confident,Extremely confident,Somewhat confident,Good,Moderate,Extensive,Good,Moderate,Slight,Strongly agree,Neither agree nor disagree,Strongly agree,Neither agree nor disagree,Strongly agree,NA,NA,NA,NA,NA
114628000017,431822954,2024-06-09,2024-06-10,81.242.128.155,jamar.o'keefe@yahoo.com,Tyreke,VonRueden,24290017,Not knowledgeable at all,Extremely confident,Very confident,Slightly confident,Somewhat confident,Somewhat confident,Somewhat confident,Not at all confident,Somewhat confident,Good,Extensive,Slight,Slight,Minimal,Minimal,Agree,Strongly agree,Disagree,Neither agree nor disagree,Strongly disagree,Male,Undergraduate student,Asian,Yes,Very knowledgeable,Very confident,Somewhat confident,Somewhat confident,Very confident,Not at all confident,Very confident,Very confident,Somewhat confident,Moderate,Extensive,Minimal,Slight,Good,Minimal,Strongly agree,Agree,Disagree,Strongly agree,Agree,NA,NA,Government fund door develop. The direction choose away pay reason. Theory stuff want student.,NA,NA
114628000018,431822954,2024-06-22,2024-06-23,16.59.85.147,gusikowski.harris@yahoo.com,Jessenia,Ullrich,24290018,Not knowledgeable at all,Somewhat confident,Not at all confident,Somewhat confident,Extremely confident,Not at all confident,Very confident,Not at all confident,Very confident,Slight,Good,Minimal,Slight,Minimal,Extensive,Disagree,Strongly disagree,Agree,Strongly disagree,Neither agree nor disagree,Female,Undergraduate student,White (Non-Hispanic/Latino),No,Extremely knowledgeable,Very confident,Not at all confident,Extremely confident,Extremely confident,Very confident,Somewhat confident,Extremely confident,Somewhat confident,Extensive,Extensive,Minimal,Extensive,Slight,Slight,Disagree,Strongly agree,Disagree,Strongly agree,Strongly disagree,Current much day himself summer fact. Detail those rest talk small choice. Care call draw method when happy.,NA,Tonight home note poor central religious culture. Happen senior brother do main whole.,NA,Conference factor change. General analysis if trade image.
114628000019,431822954,2024-06-08,2024-06-09,51.219.236.139,brice.strosin@bergstrom.org,Wilhelm,Wilkinson,24290019,Not knowledgeable at all,Extremely confident,Slightly confident,Not at all confident,Somewhat confident,Extremely confident,Not at all confident,Not at all confident,Not at all confident,Good,Extensive,Slight,Minimal,Good,Slight,Strongly disagree,Neither agree nor disagree,Strongly agree,Strongly agree,Strongly disagree,Male,Undergraduate student,Black,No,Very knowledgeable,Very confident,Extremely confident,Very confident,Very confident,Somewhat confident,Not at all confident,Extremely confident,Extremely confident,Slight,Extensive,Good,Slight,Good,Good,Neither agree nor disagree,Strongly agree,Neither agree nor disagree,Strongly agree,Strongly disagree,NA,NA,NA,NA,Tonight home note poor central religious culture. Happen senior brother do main whole.
114628000020,431822954,2024-06-07,2024-06-08,125.249.91.68,tiesha64@hotmail.com,Leslie,Schoen,24290020,Not knowledgeable at all,Extremely confident,Slightly confident,Slightly confident,Slightly confident,Slightly confident,Very confident,Not at all confident,Not at all confident,Slight,Minimal,Minimal,Minimal,Slight,Moderate,Disagree,Neither agree nor disagree,Disagree,Strongly disagree,Agree,Male,Graduate student,Hispanic or Latino,No,Extremely knowledgeable,Extremely confident,Somewhat confident,Extremely confident,Somewhat confident,Somewhat confident,Extremely confident,Somewhat confident,Extremely confident,Slight,Good,Moderate,Good,Moderate,Good,Disagree,Strongly agree,Strongly agree,Strongly agree,Agree,Other impact glass kind assume watch heavy. Many best rich nation fast visit open recent.,NA,NA,NA,NA
114628000021,431822954,2024-06-21,2024-06-22,68.83.203.111,nstamm@yahoo.com,Tylor,Kub,24290021,Not knowledgeable at all,Slightly confident,Slightly confident,Slightly confident,Very confident,Very confident,Not at all confident,Somewhat confident,Somewhat confident,Extensive,Good,Slight,Minimal,Moderate,Good,Agree,Neither agree nor disagree,Agree,Strongly agree,Strongly disagree,Male,Undergraduate student,Hispanic or Latino,Yes,Extremely knowledgeable,Very confident,Extremely confident,Extremely confident,Very confident,Very confident,Very confident,Somewhat confident,Extremely confident,Slight,Extensive,Moderate,Moderate,Extensive,Moderate,Agree,Strongly agree,Agree,Strongly agree,Neither agree nor disagree,NA,NA,NA,NA,NA
114628000022,431822954,2024-06-17,2024-06-18,165.253.216.114,dalvin57@torp.info,Captain,Pfannerstill,24290022,A little knowledgeable,Somewhat confident,Not at all confident,Very confident,Slightly confident,Not at all confident,Somewhat confident,Not at all confident,Slightly confident,Slight,Moderate,Moderate,Minimal,Extensive,Extensive,Neither agree nor disagree,Agree,Strongly disagree,Strongly disagree,Strongly agree,Male,Undergraduate student,Asian,Yes,A little knowledgeable,Somewhat confident,Extremely confident,Not at all confident,Very confident,Very confident,Extremely confident,Extremely confident,Very confident,Extensive,Moderate,Extensive,Moderate,Slight,Good,Agree,Strongly agree,Neither agree nor disagree,Strongly agree,Agree,NA,NA,NA,NA,NA
114628000023,431822954,2024-06-20,2024-06-21,253.253.255.158,rutherford.jeannette@gmail.com,Zebulon,Powlowski,24290023,Not knowledgeable at all,Somewhat confident,Extremely confident,Slightly confident,Very confident,Not at all confident,Slightly confident,Slightly confident,Not at all confident,Moderate,Moderate,Slight,Minimal,Moderate,Good,Neither agree nor disagree,Strongly disagree,Strongly disagree,Strongly disagree,Disagree,Male,Undergraduate student,Black,Yes,Very knowledgeable,Extremely confident,Somewhat confident,Somewhat confident,Slightly confident,Slightly confident,Very confident,Not at all confident,Somewhat confident,Extensive,Good,Good,Good,Slight,Moderate,Disagree,Strongly agree,Agree,Agree,Strongly agree,Police option however add child throw kind PM. Simply mention tonight he. Land analysis field usually strategy yeah soon.,NA,NA,NA,NA
114628000024,431822954,2024-06-22,2024-06-23,127.131.47.8,harm42@gmail.com,Mignon,Walker,24290024,A little knowledgeable,Somewhat confident,Extremely confident,Somewhat confident,Somewhat confident,Somewhat confident,Very confident,Not at all confident,Not at all confident,Moderate,Good,Minimal,Extensive,Minimal,Moderate,Neither agree nor disagree,Strongly disagree,Strongly disagree,Agree,Agree,Female,Faculty,White (Non-Hispanic/Latino),Yes,Extremely knowledgeable,Somewhat confident,Extremely confident,Slightly confident,Slightly confident,Very confident,Extremely confident,Extremely confident,Slightly confident,Slight,Slight,Moderate,Moderate,Good,Extensive,Agree,Strongly agree,Disagree,Strongly agree,Agree,NA,NA,Skill pass claim tell threat they power. Stuff and it man.,NA,NA
114628000025,431822954,2024-06-05,2024-06-06,98.109.89.106,terese.kertzmann@farrell.com,Priscila,Kuhic,24290025,Very knowledgeable,Somewhat confident,Not at all confident,Very confident,Extremely confident,Somewhat confident,Somewhat confident,Not at all confident,Somewhat confident,Good,Minimal,Minimal,Minimal,Minimal,Slight,Agree,Strongly agree,Strongly agree,Strongly disagree,Agree,Female,Undergraduate student,Black,No,A little knowledgeable,Extremely confident,Not at all confident,Slightly confident,Extremely confident,Very confident,Somewhat confident,Very confident,Extremely confident,Extensive,Extensive,Slight,Minimal,Good,Slight,Agree,Neither agree nor disagree,Agree,Strongly agree,Strongly agree,NA,NA,NA,NA,NA
114628000026,431822954,2024-06-25,2024-06-26,158.99.31.117,wstamm@yahoo.com,Ewing,Wisozk,24290026,Not knowledgeable at all,Not at all confident,Somewhat confident,Not at all confident,Somewhat confident,Not at all confident,Slightly confident,Slightly confident,Very confident,Slight,Extensive,Moderate,Moderate,Good,Extensive,Strongly agree,Strongly disagree,Strongly disagree,Strongly disagree,Strongly disagree,Male,Graduate student,Asian,Yes,Very knowledgeable,Slightly confident,Extremely confident,Very confident,Extremely confident,Slightly confident,Slightly confident,Extremely confident,Very confident,Moderate,Extensive,Extensive,Extensive,Slight,Good,Disagree,Agree,Strongly agree,Strongly agree,Neither agree nor disagree,Fill record despite necessary race. Upon miss finally open none over.,NA,NA,NA,NA
114628000027,431822954,2024-06-06,2024-06-07,148.119.95.169,marilla96@hotmail.com,Maeve,Considine,24290027,Not knowledgeable at all,Extremely confident,Very confident,Extremely confident,Somewhat confident,Not at all confident,Extremely confident,Not at all confident,Somewhat confident,Moderate,Good,Slight,Slight,Good,Minimal,Neither agree nor disagree,Disagree,Strongly disagree,Neither agree nor disagree,Neither agree nor disagree,Female,Graduate student,White (Non-Hispanic/Latino),Yes,Somewhat knowledgeable,Slightly confident,Extremely confident,Extremely confident,Somewhat confident,Somewhat confident,Not at all confident,Very confident,Very confident,Extensive,Moderate,Slight,Extensive,Extensive,Moderate,Agree,Strongly agree,Neither agree nor disagree,Strongly agree,Strongly disagree,NA,NA,NA,NA,Personal six help way. Like today note soon anyone. Sign gas market name ball approach office. Cost sure meeting join address always.
114628000028,431822954,2024-06-01,2024-06-02,145.118.185.154,sierra.torphy@hotmail.com,Ethelbert,Abshire,24290028,Not knowledgeable at all,Not at all confident,Slightly confident,Not at all confident,Extremely confident,Somewhat confident,Slightly confident,Not at all confident,Extremely confident,Slight,Good,Moderate,Moderate,Minimal,Minimal,Disagree,Neither agree nor disagree,Strongly disagree,Disagree,Agree,Male,Postdoc,Asian,No,A little knowledgeable,Extremely confident,Slightly confident,Slightly confident,Extremely confident,Slightly confident,Extremely confident,Extremely confident,Extremely confident,Good,Minimal,Slight,Good,Extensive,Moderate,Agree,Strongly agree,Neither agree nor disagree,Disagree,Disagree,NA,NA,NA,Personal six help way. Like today note soon anyone. Sign gas market name ball approach office. Cost sure meeting join address always.,Conference dark imagine give enough long.
114628000029,431822954,2024-06-17,2024-06-18,198.59.79.99,shawna.lang@bartoletti.net,Eben,Crona,24290029,Not knowledgeable at all,Very confident,Not at all confident,Somewhat confident,Slightly confident,Slightly confident,Slightly confident,Not at all confident,Somewhat confident,Minimal,Moderate,Moderate,Extensive,Minimal,Good,Disagree,Strongly agree,Strongly disagree,Neither agree nor disagree,Agree,Male,Undergraduate student,White (Non-Hispanic/Latino),Yes,Extremely knowledgeable,Slightly confident,Extremely confident,Slightly confident,Slightly confident,Not at all confident,Extremely confident,Extremely confident,Somewhat confident,Extensive,Moderate,Moderate,Extensive,Good,Moderate,Agree,Agree,Disagree,Strongly agree,Strongly agree,NA,NA,Police option however add child throw kind PM. Simply mention tonight he. Land analysis field usually strategy yeah soon.,NA,NA
114628000030,431822954,2024-06-17,2024-06-18,34.48.136.166,rossie68@gmail.com,Lucian,Langworth,24290030,Not knowledgeable at all,Somewhat confident,Slightly confident,Slightly confident,Slightly confident,Not at all confident,Extremely confident,Not at all confident,Slightly confident,Moderate,Moderate,Moderate,Minimal,Moderate,Extensive,Neither agree nor disagree,Strongly disagree,Neither agree nor disagree,Strongly disagree,Neither agree nor disagree,Male,Postdoc,American Indian or Alaskan Native,Yes,Extremely knowledgeable,Not at all confident,Extremely confident,Slightly confident,Extremely confident,Not at all confident,Extremely confident,Extremely confident,Extremely confident,Good,Extensive,Moderate,Extensive,Extensive,Moderate,Strongly agree,Strongly agree,Agree,Strongly agree,Neither agree nor disagree,NA,NA,NA,NA,NA
114628000031,431822954,2024-06-06,2024-06-07,71.55.64.173,monna.gutmann@lueilwitz.com,Latesha,Barton,24290031,Not knowledgeable at all,Somewhat confident,Not at all confident,Slightly confident,Somewhat confident,Not at all confident,Extremely confident,Slightly confident,Not at all confident,Moderate,Moderate,Moderate,Extensive,Moderate,Good,Neither agree nor disagree,Strongly agree,Neither agree nor disagree,Neither agree nor disagree,Agree,Female,Postdoc,White (Non-Hispanic/Latino),Yes,Very knowledgeable,Slightly confident,Extremely confident,Very confident,Extremely confident,Not at all confident,Somewhat confident,Extremely confident,Slightly confident,Extensive,Extensive,Extensive,Good,Good,Moderate,Disagree,Agree,Disagree,Strongly agree,Agree,Building mission institution forward condition heavy. Television audience start. Anyone travel place speak culture against.,NA,National finally can fund. Red back use develop.,NA,NA
114628000032,431822954,2024-06-16,2024-06-17,40.97.140.22,jkshlerin@and.com,Ralph,Johns,24290032,Not knowledgeable at all,Extremely confident,Not at all confident,Somewhat confident,Not at all confident,Not at all confident,Extremely confident,Not at all confident,Extremely confident,Moderate,Good,Slight,Minimal,Minimal,Slight,Agree,Neither agree nor disagree,Agree,Neither agree nor disagree,Disagree,Male,Undergraduate student,American Indian or Alaskan Native,Yes,A little knowledgeable,Extremely confident,Extremely confident,Not at all confident,Slightly confident,Extremely confident,Extremely confident,Very confident,Somewhat confident,Slight,Extensive,Extensive,Good,Extensive,Good,Strongly agree,Agree,Strongly disagree,Strongly agree,Neither agree nor disagree,NA,NA,Officer himself wear statement. Easy visit sound white measure. So analysis television doctor.,NA,NA
114628000033,431822954,2024-06-12,2024-06-13,249.28.72.188,henriette31@group.com,Riley,Boehm,24290033,Somewhat knowledgeable,Somewhat confident,Not at all confident,Slightly confident,Somewhat confident,Not at all confident,Somewhat confident,Not at all confident,Very confident,Moderate,Moderate,Extensive,Minimal,Slight,Minimal,Neither agree nor disagree,Strongly agree,Disagree,Strongly agree,Neither agree nor disagree,Male,Graduate student,Black,Yes,Extremely knowledgeable,Slightly confident,Extremely confident,Extremely confident,Very confident,Very confident,Extremely confident,Very confident,Somewhat confident,Extensive,Good,Minimal,Extensive,Moderate,Extensive,Agree,Agree,Strongly agree,Agree,Neither agree nor disagree,NA,NA,NA,NA,NA
114628000034,431822954,2024-06-06,2024-06-07,242.245.78.230,wm31@gmail.com,Metha,Steuber,24290034,Not knowledgeable at all,Somewhat confident,Somewhat confident,Not at all confident,Slightly confident,Not at all confident,Slightly confident,Extremely confident,Somewhat confident,Slight,Minimal,Good,Minimal,Slight,Good,Strongly disagree,Neither agree nor disagree,Neither agree nor disagree,Strongly agree,Agree,Female,Graduate student,White (Non-Hispanic/Latino),Yes,Extremely knowledgeable,Slightly confident,Slightly confident,Extremely confident,Slightly confident,Extremely confident,Very confident,Somewhat confident,Not at all confident,Good,Good,Extensive,Extensive,Good,Extensive,Neither agree nor disagree,Neither agree nor disagree,Strongly agree,Neither agree nor disagree,Strongly agree,NA,NA,NA,NA,NA
114628000035,431822954,2024-06-20,2024-06-21,223.76.129.242,marion47@yahoo.com,Yael,Kutch,24290035,A little knowledgeable,Somewhat confident,Not at all confident,Slightly confident,Not at all confident,Slightly confident,Very confident,Slightly confident,Extremely confident,Minimal,Slight,Moderate,Minimal,Good,Good,Neither agree nor disagree,Neither agree nor disagree,Strongly disagree,Neither agree nor disagree,Strongly disagree,Male,Undergraduate student,White (Non-Hispanic/Latino),Yes,Extremely knowledgeable,Extremely confident,Extremely confident,Not at all confident,Somewhat confident,Somewhat confident,Very confident,Extremely confident,Very confident,Extensive,Slight,Extensive,Good,Slight,Extensive,Strongly agree,Agree,Agree,Neither agree nor disagree,Strongly agree,NA,NA,NA,NA,NA
114628000036,431822954,2024-06-25,2024-06-26,205.172.255.142,calvin.anderson@miller.info,Jeffery,Gottlieb,24290036,Not knowledgeable at all,Very confident,Not at all confident,Not at all confident,Very confident,Somewhat confident,Not at all confident,Not at all confident,Extremely confident,Minimal,Minimal,Slight,Moderate,Minimal,Extensive,Neither agree nor disagree,Agree,Neither agree nor disagree,Disagree,Strongly agree,Male,Faculty,White (Non-Hispanic/Latino),No,Extremely knowledgeable,Somewhat confident,Very confident,Extremely confident,Somewhat confident,Somewhat confident,Somewhat confident,Extremely confident,Not at all confident,Extensive,Good,Extensive,Extensive,Moderate,Good,Neither agree nor disagree,Agree,Agree,Agree,Strongly agree,NA,NA,NA,NA,NA
114628000037,431822954,2024-06-17,2024-06-18,121.70.77.248,jgraham@and.com,Angel,Lynch,24290037,Not knowledgeable at all,Very confident,Not at all confident,Not at all confident,Slightly confident,Not at all confident,Slightly confident,Very confident,Somewhat confident,Moderate,Minimal,Slight,Slight,Minimal,Minimal,Neither agree nor disagree,Disagree,Disagree,Strongly disagree,Agree,Female,Undergraduate student,Black,Yes,A little knowledgeable,Very confident,Extremely confident,Very confident,Slightly confident,Extremely confident,Extremely confident,Extremely confident,Somewhat confident,Extensive,Extensive,Extensive,Extensive,Minimal,Extensive,Neither agree nor disagree,Neither agree nor disagree,Neither agree nor disagree,Strongly agree,Neither agree nor disagree,NA,NA,NA,NA,NA
114628000038,431822954,2024-06-22,2024-06-23,97.152.246.167,edwina.lueilwitz@gmail.com,Urban,Torp,24290038,Not knowledgeable at all,Somewhat confident,Slightly confident,Not at all confident,Somewhat confident,Very confident,Not at all confident,Not at all confident,Somewhat confident,Good,Good,Slight,Slight,Minimal,Good,Agree,Agree,Strongly agree,Agree,Neither agree nor disagree,Male,Graduate student,Do not wish to specify,No,Very knowledgeable,Very confident,Extremely confident,Very confident,Not at all confident,Somewhat confident,Extremely confident,Somewhat confident,Very confident,Good,Good,Extensive,Extensive,Good,Good,Strongly agree,Strongly disagree,Neither agree nor disagree,Strongly disagree,Neither agree nor disagree,NA,Local prepare nothing itself with rule. Control pick base above. Seven civil point school his agency material.,NA,Base family happy property. Heavy summer point hotel beat nothing. See writer last article actually.,NA
114628000039,431822954,2024-06-20,2024-06-21,99.13.68.39,india00@williamson.com,Jerimiah,Raynor,24290039,Somewhat knowledgeable,Somewhat confident,Slightly confident,Very confident,Very confident,Slightly confident,Somewhat confident,Not at all confident,Very confident,Slight,Moderate,Slight,Moderate,Minimal,Minimal,Disagree,Strongly agree,Strongly disagree,Strongly disagree,Disagree,Male,Undergraduate student,White (Non-Hispanic/Latino),No,Very knowledgeable,Somewhat confident,Extremely confident,Slightly confident,Slightly confident,Very confident,Slightly confident,Extremely confident,Extremely confident,Good,Extensive,Slight,Extensive,Good,Extensive,Strongly agree,Agree,Disagree,Strongly disagree,Agree,NA,NA,Ground make order. Simple new result class them television game.,Quickly factor kid international discover nation old. Exactly ask section include. Drop whom material law.,NA
114628000040,431822954,2024-06-13,2024-06-14,185.199.76.224,kunze.rosia@crooks.com,Dellia,Rodriguez,24290040,Somewhat knowledgeable,Very confident,Slightly confident,Somewhat confident,Slightly confident,Slightly confident,Slightly confident,Not at all confident,Somewhat confident,Extensive,Slight,Slight,Slight,Slight,Moderate,Neither agree nor disagree,Strongly agree,Strongly agree,Strongly disagree,Neither agree nor disagree,Female,Postdoc,American Indian or Alaskan Native,Yes,Extremely knowledgeable,Somewhat confident,Extremely confident,Extremely confident,Slightly confident,Somewhat confident,Extremely confident,Very confident,Somewhat confident,Good,Extensive,Extensive,Good,Moderate,Extensive,Agree,Strongly agree,Strongly agree,Neither agree nor disagree,Agree,NA,NA,NA,NA,NA
114628000041,431822954,2024-06-02,2024-06-03,32.147.65.23,fvandervort@hotmail.com,Kylee,Pouros,24290041,Very knowledgeable,Extremely confident,Not at all confident,Not at all confident,Slightly confident,Not at all confident,Extremely confident,Very confident,Very confident,Moderate,Good,Slight,Slight,Slight,Moderate,Disagree,Disagree,Strongly disagree,Disagree,Agree,Female,Undergraduate student,White (Non-Hispanic/Latino),No,Very knowledgeable,Somewhat confident,Not at all confident,Somewhat confident,Extremely confident,Slightly confident,Very confident,Extremely confident,Extremely confident,Extensive,Good,Extensive,Extensive,Slight,Good,Strongly agree,Strongly agree,Disagree,Strongly agree,Strongly agree,NA,NA,Bill name wear despite girl response. Up Congress building interesting.,NA,NA
114628000042,431822954,2024-06-02,2024-06-03,20.33.39.230,steuber.verlene@gmail.com,Shamar,Jerde,24290042,Somewhat knowledgeable,Somewhat confident,Very confident,Very confident,Somewhat confident,Somewhat confident,Somewhat confident,Somewhat confident,Slightly confident,Good,Extensive,Good,Moderate,Minimal,Good,Agree,Neither agree nor disagree,Strongly disagree,Strongly agree,Neither agree nor disagree,Non-binary,Undergraduate student,White (Non-Hispanic/Latino),Yes,Extremely knowledgeable,Slightly confident,Somewhat confident,Somewhat confident,Extremely confident,Very confident,Very confident,Extremely confident,Extremely confident,Slight,Moderate,Good,Extensive,Minimal,Moderate,Neither agree nor disagree,Agree,Agree,Strongly agree,Agree,NA,NA,NA,NA,NA
114628000043,431822954,2024-06-19,2024-06-20,169.30.186.91,erunte@yahoo.com,Maynard,Ortiz,24290043,Not knowledgeable at all,Somewhat confident,Not at all confident,Slightly confident,Slightly confident,Not at all confident,Somewhat confident,Slightly confident,Slightly confident,Moderate,Minimal,Good,Minimal,Good,Extensive,Agree,Disagree,Neither agree nor disagree,Strongly disagree,Neither agree nor disagree,Male,Undergraduate student,Hispanic or Latino,No,Extremely knowledgeable,Extremely confident,Extremely confident,Not at all confident,Slightly confident,Somewhat confident,Very confident,Extremely confident,Slightly confident,Extensive,Good,Extensive,Extensive,Slight,Good,Disagree,Strongly agree,Strongly agree,Strongly disagree,Agree,Time read five find left sister.,NA,NA,Method reflect none pretty under. Serious friend try fall. Decide enter any economy organization.,NA
114628000044,431822954,2024-06-18,2024-06-19,10.98.91.112,keshaun77@veum.info,Octave,Romaguera,24290044,Not knowledgeable at all,Somewhat confident,Not at all confident,Slightly confident,Slightly confident,Somewhat confident,Not at all confident,Somewhat confident,Very confident,Slight,Minimal,Good,Extensive,Extensive,Extensive,Agree,Agree,Disagree,Strongly disagree,Strongly disagree,Male,Graduate student,White (Non-Hispanic/Latino),No,A little knowledgeable,Slightly confident,Not at all confident,Extremely confident,Somewhat confident,Somewhat confident,Somewhat confident,Somewhat confident,Extremely confident,Good,Good,Moderate,Minimal,Good,Good,Strongly disagree,Strongly agree,Strongly agree,Agree,Agree,Ground make order. Simple new result class them television game.,NA,NA,NA,NA
114628000045,431822954,2024-06-14,2024-06-15,45.48.64.8,lashunda.wisoky@and.info,Suzy,Lemke,24290045,Extremely knowledgeable,Somewhat confident,Slightly confident,Extremely confident,Slightly confident,Not at all confident,Very confident,Not at all confident,Extremely confident,Moderate,Moderate,Moderate,Extensive,Moderate,Moderate,Neither agree nor disagree,Neither agree nor disagree,Neither agree nor disagree,Strongly disagree,Disagree,Female,Postdoc,White (Non-Hispanic/Latino),Yes,Somewhat knowledgeable,Extremely confident,Slightly confident,Somewhat confident,Somewhat confident,Not at all confident,Somewhat confident,Extremely confident,Extremely confident,Slight,Extensive,Slight,Minimal,Extensive,Extensive,Strongly agree,Agree,Neither agree nor disagree,Strongly agree,Agree,NA,NA,NA,NA,NA
114628000046,431822954,2024-06-18,2024-06-19,45.30.94.140,mary.thompson@gmail.com,Tim,Swaniawski,24290046,Not knowledgeable at all,Somewhat confident,Somewhat confident,Slightly confident,Somewhat confident,Somewhat confident,Slightly confident,Not at all confident,Not at all confident,Moderate,Good,Slight,Minimal,Slight,Minimal,Neither agree nor disagree,Neither agree nor disagree,Strongly disagree,Strongly agree,Disagree,Male,Faculty,Hispanic or Latino,Yes,A little knowledgeable,Slightly confident,Very confident,Slightly confident,Extremely confident,Not at all confident,Extremely confident,Not at all confident,Extremely confident,Moderate,Extensive,Moderate,Extensive,Good,Moderate,Strongly disagree,Strongly disagree,Agree,Strongly agree,Agree,Society foot spring table black writer decide. Your series century always.,National father data author impact hear send. Treatment car former wait manager growth. Interesting push hard one property.,NA,NA,NA
114628000047,431822954,2024-06-22,2024-06-23,167.118.9.5,elgie.walsh@conroy.com,Orrin,Schmidt,24290047,A little knowledgeable,Somewhat confident,Not at all confident,Not at all confident,Somewhat confident,Very confident,Very confident,Extremely confident,Extremely confident,Slight,Moderate,Moderate,Extensive,Good,Minimal,Neither agree nor disagree,Strongly agree,Disagree,Disagree,Neither agree nor disagree,Male,Undergraduate student,American Indian or Alaskan Native,No,Extremely knowledgeable,Slightly confident,Somewhat confident,Very confident,Extremely confident,Extremely confident,Extremely confident,Extremely confident,Not at all confident,Moderate,Extensive,Extensive,Good,Extensive,Moderate,Agree,Strongly agree,Agree,Strongly agree,Disagree,NA,NA,NA,NA,I remain hand young civil yet forget.
114628000048,431822954,2024-06-06,2024-06-07,222.207.172.87,zlind@hudson.com,Jaylah,Romaguera,24290048,Not knowledgeable at all,Somewhat confident,Not at all confident,Very confident,Very confident,Very confident,Slightly confident,Somewhat confident,Not at all confident,Good,Moderate,Minimal,Minimal,Slight,Extensive,Neither agree nor disagree,Strongly disagree,Neither agree nor disagree,Strongly agree,Neither agree nor disagree,Female,Undergraduate student,White (Non-Hispanic/Latino),No,Extremely knowledgeable,Extremely confident,Very confident,Slightly confident,Very confident,Somewhat confident,Extremely confident,Not at all confident,Extremely confident,Extensive,Slight,Extensive,Good,Slight,Extensive,Agree,Strongly agree,Strongly agree,Strongly agree,Strongly agree,NA,NA,NA,NA,NA
114628000049,431822954,2024-06-22,2024-06-23,155.84.10.223,joshuah05@yahoo.com,Bell,Feeney,24290049,Not knowledgeable at all,Very confident,Not at all confident,Not at all confident,Somewhat confident,Not at all confident,Extremely confident,Not at all confident,Not at all confident,Moderate,Minimal,Slight,Minimal,Extensive,Good,Neither agree nor disagree,Agree,Strongly disagree,Neither agree nor disagree,Disagree,Female,Faculty,White (Non-Hispanic/Latino),Yes,Extremely knowledgeable,Somewhat confident,Extremely confident,Somewhat confident,Very confident,Extremely confident,Extremely confident,Extremely confident,Extremely confident,Slight,Slight,Slight,Extensive,Extensive,Moderate,Agree,Strongly agree,Disagree,Neither agree nor disagree,Agree,NA,NA,Learn compare north. Type walk heavy wonder point product professional especially. Pattern great up close.,NA,NA
114628000050,431822954,2024-06-17,2024-06-18,91.84.187.71,stephanie77@gerlach.com,Lidia,Shanahan,24290050,Extremely knowledgeable,Slightly confident,Slightly confident,Very confident,Slightly confident,Slightly confident,Extremely confident,Not at all confident,Very confident,Slight,Moderate,Minimal,Good,Good,Minimal,Agree,Strongly disagree,Agree,Strongly disagree,Strongly agree,Female,Undergraduate student,White (Non-Hispanic/Latino),Yes,Somewhat knowledgeable,Extremely confident,Very confident,Not at all confident,Very confident,Extremely confident,Not at all confident,Very confident,Extremely confident,Moderate,Extensive,Good,Extensive,Extensive,Extensive,Disagree,Agree,Strongly disagree,Strongly agree,Agree,Local prepare nothing itself with rule. Control pick base above. Seven civil point school his agency material.,NA,Hope per mind peace. Drug reason yard though test ten. Organization player argue arm guess take character.,NA,NA
114628000051,431822954,2024-06-04,2024-06-05,228.165.67.51,ugaylord@bosco.com,Bobby,Wolff,24290051,Somewhat knowledgeable,Slightly confident,Not at all confident,Not at all confident,Somewhat confident,Somewhat confident,Slightly confident,Not at all confident,Slightly confident,Slight,Extensive,Slight,Minimal,Good,Slight,Agree,Strongly agree,Neither agree nor disagree,Strongly disagree,Agree,Female,Graduate student,Native Hawaiian or other Pacific Islander,No,Extremely knowledgeable,Very confident,Slightly confident,Extremely confident,Somewhat confident,Very confident,Very confident,Extremely confident,Extremely confident,Good,Good,Moderate,Good,Slight,Extensive,Neither agree nor disagree,Disagree,Disagree,Strongly agree,Neither agree nor disagree,NA,View several energy interesting thus. Central as radio else measure. Quite author animal education among car rest.,Provide day bed air thing recently find. Bring seem whatever direction join tonight scientist. Somebody current allow college money water medical.,NA,NA
114628000052,431822954,2024-06-06,2024-06-07,132.226.1.235,aldona87@dickinson.com,Shafter,Nitzsche,24290052,Not knowledgeable at all,Very confident,Not at all confident,Somewhat confident,Very confident,Very confident,Somewhat confident,Not at all confident,Extremely confident,Slight,Good,Good,Slight,Moderate,Minimal,Neither agree nor disagree,Strongly disagree,Strongly disagree,Strongly disagree,Neither agree nor disagree,Male,Undergraduate student,Black,Yes,Very knowledgeable,Slightly confident,Very confident,Somewhat confident,Slightly confident,Slightly confident,Extremely confident,Extremely confident,Very confident,Good,Good,Slight,Extensive,Extensive,Good,Agree,Agree,Disagree,Strongly agree,Disagree,NA,NA,Machine respond brother standard. And available girl against Republican.,NA,Share meet out. Ever assume leader represent water clear possible.
114628000053,431822954,2024-06-22,2024-06-23,31.0.60.17,jschmitt@yahoo.com,Dashawn,Mosciski,24290053,Not knowledgeable at all,Not at all confident,Extremely confident,Not at all confident,Somewhat confident,Not at all confident,Somewhat confident,Very confident,Not at all confident,Slight,Slight,Moderate,Minimal,Moderate,Minimal,Neither agree nor disagree,Strongly disagree,Agree,Disagree,Agree,Male,Graduate student,White (Non-Hispanic/Latino),No,Extremely knowledgeable,Very confident,Very confident,Extremely confident,Somewhat confident,Very confident,Very confident,Not at all confident,Extremely confident,Moderate,Good,Extensive,Extensive,Good,Good,Disagree,Agree,Disagree,Strongly agree,Disagree,Quite economic image dream face fund truth. Color blood he air particularly network. Really pass mention fast here program tonight song. Themselves national affect drop other.,NA,Knowledge environment floor movement difficult somebody. Collection different share grow president. Than similar because.,NA,Relate Democrat responsibility election these your. Challenge Mrs will inside. Move note world culture speak yourself.
114628000054,431822954,2024-06-17,2024-06-18,108.47.34.1,rsipes@beier.biz,Lori,Ziemann,24290054,A little knowledgeable,Somewhat confident,Not at all confident,Somewhat confident,Extremely confident,Not at all confident,Slightly confident,Slightly confident,Very confident,Moderate,Slight,Moderate,Moderate,Moderate,Minimal,Neither agree nor disagree,Neither agree nor disagree,Neither agree nor disagree,Disagree,Disagree,Female,Undergraduate student,White (Non-Hispanic/Latino),No,Extremely knowledgeable,Very confident,Extremely confident,Very confident,Slightly confident,Not at all confident,Very confident,Somewhat confident,Extremely confident,Extensive,Slight,Extensive,Moderate,Moderate,Good,Strongly agree,Neither agree nor disagree,Agree,Strongly agree,Neither agree nor disagree,NA,NA,NA,NA,NA
114628000055,431822954,2024-06-14,2024-06-15,103.139.13.180,slubowitz@inc.info,Winona,Stiedemann,24290055,Not knowledgeable at all,Somewhat confident,Very confident,Very confident,Slightly confident,Not at all confident,Slightly confident,Not at all confident,Very confident,Moderate,Good,Good,Minimal,Minimal,Slight,Neither agree nor disagree,Neither agree nor disagree,Neither agree nor disagree,Disagree,Strongly disagree,Female,Undergraduate student,Native Hawaiian or other Pacific Islander,No,Somewhat knowledgeable,Somewhat confident,Not at all confident,Slightly confident,Slightly confident,Very confident,Extremely confident,Extremely confident,Extremely confident,Slight,Extensive,Good,Minimal,Good,Extensive,Disagree,Disagree,Neither agree nor disagree,Strongly agree,Agree,Fish forward at base opportunity.,Other impact glass kind assume watch heavy. Many best rich nation fast visit open recent.,NA,NA,NA
114628000056,431822954,2024-06-21,2024-06-22,80.75.43.162,o'kon.minnie@gmail.com,Forrest,Heaney,24290056,Not knowledgeable at all,Somewhat confident,Extremely confident,Slightly confident,Not at all confident,Not at all confident,Somewhat confident,Not at all confident,Not at all confident,Moderate,Extensive,Good,Slight,Minimal,Extensive,Agree,Disagree,Agree,Strongly disagree,Strongly agree,Male,Graduate student,White (Non-Hispanic/Latino),Yes,Not knowledgeable at all,Very confident,Extremely confident,Somewhat confident,Somewhat confident,Slightly confident,Very confident,Extremely confident,Somewhat confident,Extensive,Good,Extensive,Slight,Good,Slight,Agree,Strongly disagree,Strongly agree,Agree,Agree,NA,Personal suffer raise available peace high out card. Conference however through six summer feel difficult why.,NA,NA,NA
114628000057,431822954,2024-06-06,2024-06-07,217.141.16.194,psauer@altenwerth.com,Marc,Howell,24290057,Not knowledgeable at all,Slightly confident,Slightly confident,Extremely confident,Very confident,Not at all confident,Very confident,Not at all confident,Somewhat confident,Moderate,Minimal,Slight,Slight,Extensive,Good,Disagree,Agree,Agree,Strongly disagree,Strongly agree,Male,Undergraduate student,White (Non-Hispanic/Latino),No,A little knowledgeable,Very confident,Not at all confident,Extremely confident,Somewhat confident,Extremely confident,Extremely confident,Extremely confident,Slightly confident,Moderate,Extensive,Slight,Extensive,Moderate,Good,Neither agree nor disagree,Agree,Agree,Strongly disagree,Agree,NA,NA,NA,Work project million travel. Light alone clear. Pretty process money voice. Religious be last create billion.,NA
114628000058,431822954,2024-06-10,2024-06-11,119.134.151.23,ryann67@mcclure.com,Rosie,Hansen,24290058,Not knowledgeable at all,Extremely confident,Not at all confident,Not at all confident,Somewhat confident,Not at all confident,Slightly confident,Somewhat confident,Slightly confident,Minimal,Slight,Moderate,Minimal,Minimal,Good,Neither agree nor disagree,Agree,Neither agree nor disagree,Strongly disagree,Agree,Female,Faculty,White (Non-Hispanic/Latino),Yes,Not knowledgeable at all,Extremely confident,Slightly confident,Slightly confident,Somewhat confident,Not at all confident,Very confident,Slightly confident,Very confident,Moderate,Slight,Slight,Slight,Minimal,Extensive,Strongly agree,Disagree,Strongly agree,Strongly agree,Strongly agree,NA,Machine respond brother standard. And available girl against Republican.,NA,NA,NA
114628000059,431822954,2024-06-12,2024-06-13,24.8.244.125,hturcotte@gmail.com,Taraji,Hoppe,24290059,Not knowledgeable at all,Very confident,Not at all confident,Slightly confident,Very confident,Not at all confident,Somewhat confident,Not at all confident,Not at all confident,Slight,Minimal,Good,Minimal,Minimal,Extensive,Disagree,Agree,Neither agree nor disagree,Strongly disagree,Neither agree nor disagree,Female,Undergraduate student,Black,Yes,Very knowledgeable,Extremely confident,Extremely confident,Somewhat confident,Extremely confident,Extremely confident,Extremely confident,Extremely confident,Extremely confident,Moderate,Moderate,Minimal,Minimal,Extensive,Minimal,Disagree,Disagree,Strongly agree,Strongly agree,Agree,Three democratic born. Rich area character wall.,Lawyer develop professor place since. Wide employee show chair ok catch PM. Consider result employee run.,NA,NA,NA
114628000060,431822954,2024-06-04,2024-06-05,162.77.14.27,rodrick.lakin@ltd.net,Etter,Jerde,24290060,Not knowledgeable at all,Somewhat confident,Not at all confident,Slightly confident,Slightly confident,Not at all confident,Very confident,Not at all confident,Somewhat confident,Moderate,Moderate,Slight,Slight,Extensive,Extensive,Strongly agree,Disagree,Strongly disagree,Strongly agree,Strongly agree,Female,Undergraduate student,Hispanic or Latino,No,Extremely knowledgeable,Very confident,Somewhat confident,Slightly confident,Slightly confident,Slightly confident,Extremely confident,Very confident,Very confident,Moderate,Good,Moderate,Good,Moderate,Moderate,Strongly disagree,Neither agree nor disagree,Agree,Agree,Strongly agree,Fire fall economic last production yeah box. National letter American economy away shake such.,NA,NA,NA,NA
114628000061,431822954,2024-06-02,2024-06-03,22.166.59.85,eschneider@hotmail.com,Willard,Osinski,24290061,Not knowledgeable at all,Not at all confident,Very confident,Not at all confident,Very confident,Not at all confident,Very confident,Very confident,Extremely confident,Good,Good,Good,Slight,Slight,Extensive,Strongly agree,Agree,Strongly disagree,Strongly agree,Agree,Male,Graduate student,Hispanic or Latino,Yes,Very knowledgeable,Somewhat confident,Extremely confident,Extremely confident,Somewhat confident,Not at all confident,Extremely confident,Extremely confident,Extremely confident,Minimal,Extensive,Slight,Extensive,Good,Slight,Strongly agree,Agree,Agree,Disagree,Disagree,NA,NA,NA,Ask federal analysis staff into low. Discover grow it.,Than create then will live guess point. From cut blood.
114628000062,431822954,2024-06-11,2024-06-12,237.134.69.110,jessy28@inc.org,Rodrick,Haag,24290062,Somewhat knowledgeable,Very confident,Not at all confident,Somewhat confident,Very confident,Very confident,Extremely confident,Not at all confident,Slightly confident,Moderate,Moderate,Moderate,Moderate,Moderate,Moderate,Strongly agree,Neither agree nor disagree,Strongly disagree,Agree,Neither agree nor disagree,Male,Postdoc,Asian,Yes,Extremely knowledgeable,Extremely confident,Somewhat confident,Somewhat confident,Slightly confident,Extremely confident,Very confident,Somewhat confident,Somewhat confident,Moderate,Good,Minimal,Extensive,Good,Moderate,Strongly agree,Strongly agree,Disagree,Strongly disagree,Disagree,NA,NA,Thus general might his with. Make mean win stock dinner wait. Two skill hope strong.,Eight war represent most vote. Within day from benefit nature poor Republican.,Theory card team year. Value there ago important smile rest job. Husband difference here once morning executive right.
114628000063,431822954,2024-06-13,2024-06-14,32.6.48.102,ugrimes@llc.net,Rosanna,Prohaska,24290063,Not knowledgeable at all,Somewhat confident,Not at all confident,Not at all confident,Somewhat confident,Not at all confident,Very confident,Not at all confident,Very confident,Minimal,Slight,Slight,Minimal,Moderate,Moderate,Neither agree nor disagree,Disagree,Strongly agree,Disagree,Disagree,Female,Postdoc,White (Non-Hispanic/Latino),Yes,Somewhat knowledgeable,Somewhat confident,Slightly confident,Very confident,Slightly confident,Extremely confident,Extremely confident,Extremely confident,Extremely confident,Slight,Minimal,Moderate,Extensive,Good,Minimal,Strongly disagree,Strongly agree,Agree,Agree,Neither agree nor disagree,Response night relate reveal cultural safe.,NA,NA,NA,NA
114628000064,431822954,2024-06-12,2024-06-13,220.74.91.141,malvin38@ltd.biz,Pheobe,Kling,24290064,Not knowledgeable at all,Extremely confident,Slightly confident,Slightly confident,Somewhat confident,Somewhat confident,Not at all confident,Very confident,Not at all confident,Extensive,Minimal,Minimal,Minimal,Slight,Good,Neither agree nor disagree,Strongly disagree,Disagree,Strongly disagree,Disagree,Female,Undergraduate student,Hispanic or Latino,No,Very knowledgeable,Somewhat confident,Slightly confident,Slightly confident,Somewhat confident,Extremely confident,Extremely confident,Somewhat confident,Very confident,Good,Extensive,Extensive,Minimal,Slight,Extensive,Agree,Agree,Agree,Strongly agree,Strongly agree,NA,NA,NA,NA,NA
114628000065,431822954,2024-06-13,2024-06-14,241.2.204.70,monahan.else@will.com,Jane,Heathcote,24290065,Not knowledgeable at all,Very confident,Not at all confident,Not at all confident,Not at all confident,Somewhat confident,Slightly confident,Slightly confident,Slightly confident,Moderate,Slight,Slight,Moderate,Minimal,Good,Disagree,Strongly disagree,Disagree,Strongly disagree,Disagree,Female,Postdoc,American Indian or Alaskan Native,No,Extremely knowledgeable,Slightly confident,Extremely confident,Very confident,Extremely confident,Extremely confident,Extremely confident,Not at all confident,Extremely confident,Slight,Good,Good,Extensive,Extensive,Good,Neither agree nor disagree,Disagree,Disagree,Strongly agree,Agree,NA,Wonder my among foreign station none. Within shoulder hold between single detail.,Compare ball when whose policy expert natural stand. For return city how project personal.,NA,NA
114628000066,431822954,2024-06-11,2024-06-12,249.48.234.103,kyra.klocko@yahoo.com,Jonathan,Murray,24290066,Not knowledgeable at all,Very confident,Very confident,Somewhat confident,Very confident,Somewhat confident,Somewhat confident,Not at all confident,Not at all confident,Extensive,Slight,Slight,Minimal,Slight,Minimal,Neither agree nor disagree,Strongly agree,Strongly agree,Strongly disagree,Agree,Male,Postdoc,White (Non-Hispanic/Latino),No,A little knowledgeable,Slightly confident,Very confident,Very confident,Slightly confident,Extremely confident,Somewhat confident,Slightly confident,Slightly confident,Good,Good,Moderate,Good,Extensive,Minimal,Strongly agree,Disagree,Strongly agree,Disagree,Strongly agree,NA,Poor tree either high kid benefit box. Career particular suddenly card value arrive beyond.,NA,Look better dark meet. Whole put president guy manager about understand. Piece interesting baby argue under sense television.,NA
114628000067,431822954,2024-06-17,2024-06-18,209.153.26.40,maddux01@hotmail.com,Corinne,Kutch,24290067,Very knowledgeable,Very confident,Not at all confident,Extremely confident,Very confident,Very confident,Very confident,Extremely confident,Somewhat confident,Good,Slight,Slight,Minimal,Minimal,Minimal,Disagree,Strongly agree,Strongly agree,Strongly disagree,Neither agree nor disagree,Female,Graduate student,White (Non-Hispanic/Latino),No,Extremely knowledgeable,Somewhat confident,Somewhat confident,Extremely confident,Somewhat confident,Very confident,Not at all confident,Slightly confident,Very confident,Moderate,Slight,Extensive,Good,Moderate,Good,Disagree,Agree,Strongly agree,Strongly agree,Strongly agree,View several energy interesting thus. Central as radio else measure. Quite author animal education among car rest.,NA,NA,NA,NA
114628000068,431822954,2024-06-06,2024-06-07,182.233.219.123,walsh.jeramiah@hotmail.com,Deann,Kris,24290068,Not knowledgeable at all,Somewhat confident,Not at all confident,Very confident,Very confident,Slightly confident,Extremely confident,Very confident,Extremely confident,Good,Good,Good,Minimal,Moderate,Minimal,Neither agree nor disagree,Agree,Strongly disagree,Strongly disagree,Agree,Female,Graduate student,White (Non-Hispanic/Latino),No,Extremely knowledgeable,Somewhat confident,Slightly confident,Extremely confident,Very confident,Extremely confident,Somewhat confident,Extremely confident,Extremely confident,Extensive,Extensive,Minimal,Extensive,Extensive,Good,Agree,Strongly disagree,Agree,Strongly agree,Disagree,NA,Once offer dark door carry. System soon write spring pretty seven them recent. Whole factor focus as claim off wonder.,NA,NA,Win ever company oil. Difference smile somebody gun available information energy Mr. Trade nor piece term question significant president.
114628000069,431822954,2024-06-18,2024-06-19,47.138.202.43,bhegmann@inc.biz,Lassie,Padberg,24290069,Extremely knowledgeable,Very confident,Not at all confident,Not at all confident,Very confident,Very confident,Somewhat confident,Not at all confident,Not at all confident,Extensive,Extensive,Good,Slight,Slight,Minimal,Agree,Agree,Disagree,Strongly disagree,Neither agree nor disagree,Female,Undergraduate student,White (Non-Hispanic/Latino),Yes,Very knowledgeable,Extremely confident,Extremely confident,Very confident,Very confident,Extremely confident,Somewhat confident,Slightly confident,Extremely confident,Extensive,Extensive,Slight,Extensive,Minimal,Extensive,Strongly agree,Agree,Strongly agree,Strongly agree,Agree,NA,NA,NA,NA,NA
114628000070,431822954,2024-06-16,2024-06-17,132.108.228.0,ashlea.zulauf@nitzsche.com,Rube,Willms,24290070,Not knowledgeable at all,Very confident,Not at all confident,Not at all confident,Slightly confident,Very confident,Slightly confident,Not at all confident,Slightly confident,Slight,Minimal,Slight,Slight,Moderate,Good,Neither agree nor disagree,Agree,Agree,Neither agree nor disagree,Strongly disagree,Male,Postdoc,Black,No,Very knowledgeable,Extremely confident,Very confident,Not at all confident,Extremely confident,Extremely confident,Not at all confident,Extremely confident,Extremely confident,Extensive,Extensive,Moderate,Extensive,Minimal,Good,Neither agree nor disagree,Agree,Strongly agree,Strongly disagree,Neither agree nor disagree,NA,NA,NA,Bill name wear despite girl response. Up Congress building interesting.,NA
114628000071,431822954,2024-06-19,2024-06-20,90.68.235.111,qmaggio@hotmail.com,Rayfield,Connelly,24290071,Not knowledgeable at all,Very confident,Not at all confident,Not at all confident,Very confident,Not at all confident,Slightly confident,Somewhat confident,Somewhat confident,Extensive,Good,Minimal,Slight,Good,Moderate,Neither agree nor disagree,Strongly disagree,Neither agree nor disagree,Disagree,Strongly disagree,Male,Graduate student,White (Non-Hispanic/Latino),Yes,Extremely knowledgeable,Very confident,Extremely confident,Somewhat confident,Extremely confident,Not at all confident,Somewhat confident,Not at all confident,Very confident,Extensive,Extensive,Moderate,Extensive,Extensive,Slight,Agree,Agree,Strongly disagree,Strongly agree,Strongly agree,NA,NA,Certain change difficult heavy check three responsibility. Organization size draw. Grow heavy usually information quality should.,NA,NA
114628000072,431822954,2024-06-21,2024-06-22,118.172.1.4,eveline.stoltenberg@gmail.com,Aliya,Cormier,24290072,Not knowledgeable at all,Slightly confident,Not at all confident,Very confident,Somewhat confident,Not at all confident,Extremely confident,Extremely confident,Slightly confident,Slight,Good,Good,Extensive,Slight,Minimal,Disagree,Strongly agree,Strongly agree,Strongly agree,Disagree,Female,Graduate student,White (Non-Hispanic/Latino),Yes,A little knowledgeable,Extremely confident,Not at all confident,Extremely confident,Very confident,Slightly confident,Very confident,Extremely confident,Somewhat confident,Extensive,Good,Extensive,Extensive,Extensive,Moderate,Agree,Strongly agree,Strongly agree,Strongly agree,Disagree,NA,NA,NA,NA,Hope per mind peace. Drug reason yard though test ten. Organization player argue arm guess take character.
114628000073,431822954,2024-06-15,2024-06-16,131.203.161.137,torrey43@yahoo.com,Marcelino,Schoen,24290073,A little knowledgeable,Very confident,Slightly confident,Slightly confident,Not at all confident,Slightly confident,Not at all confident,Not at all confident,Extremely confident,Slight,Good,Minimal,Extensive,Slight,Good,Strongly agree,Disagree,Disagree,Strongly disagree,Disagree,Male,Postdoc,Black,Yes,Extremely knowledgeable,Slightly confident,Not at all confident,Extremely confident,Slightly confident,Extremely confident,Somewhat confident,Slightly confident,Extremely confident,Good,Moderate,Slight,Extensive,Good,Moderate,Disagree,Strongly agree,Agree,Agree,Strongly agree,Eight war represent most vote. Within day from benefit nature poor Republican.,NA,NA,NA,NA
114628000074,431822954,2024-06-04,2024-06-05,79.91.213.59,eglover@hotmail.com,Romie,Bins,24290074,A little knowledgeable,Slightly confident,Not at all confident,Slightly confident,Somewhat confident,Slightly confident,Very confident,Not at all confident,Extremely confident,Moderate,Minimal,Minimal,Minimal,Minimal,Slight,Strongly disagree,Neither agree nor disagree,Neither agree nor disagree,Strongly agree,Disagree,Male,Undergraduate student,Asian,Yes,A little knowledgeable,Very confident,Extremely confident,Extremely confident,Somewhat confident,Extremely confident,Somewhat confident,Extremely confident,Extremely confident,Moderate,Slight,Moderate,Extensive,Slight,Good,Strongly agree,Disagree,Neither agree nor disagree,Strongly agree,Disagree,NA,I remain hand young civil yet forget.,NA,NA,Three democratic born. Rich area character wall.
114628000075,431822954,2024-06-24,2024-06-25,119.144.254.248,altenwerth.donat@yahoo.com,Willian,Schroeder,24290075,Not knowledgeable at all,Somewhat confident,Not at all confident,Not at all confident,Extremely confident,Not at all confident,Slightly confident,Not at all confident,Not at all confident,Moderate,Minimal,Good,Slight,Good,Minimal,Neither agree nor disagree,Neither agree nor disagree,Strongly agree,Disagree,Agree,Male,Undergraduate student,White (Non-Hispanic/Latino),No,Extremely knowledgeable,Very confident,Extremely confident,Somewhat confident,Very confident,Somewhat confident,Very confident,Slightly confident,Extremely confident,Good,Extensive,Good,Moderate,Slight,Moderate,Neither agree nor disagree,Strongly agree,Disagree,Strongly agree,Neither agree nor disagree,NA,NA,Then whether perhaps realize four kid long institution. Economic everything person fire the. This everybody case home.,NA,NA
114628000076,431822954,2024-06-09,2024-06-10,216.221.76.144,ida62@gmail.com,Lamar,Strosin,24290076,Very knowledgeable,Not at all confident,Not at all confident,Not at all confident,Somewhat confident,Not at all confident,Somewhat confident,Not at all confident,Slightly confident,Slight,Good,Extensive,Slight,Extensive,Good,Strongly agree,Strongly agree,Strongly disagree,Strongly disagree,Strongly disagree,Male,Undergraduate student,Black,No,Not knowledgeable at all,Slightly confident,Extremely confident,Somewhat confident,Somewhat confident,Somewhat confident,Very confident,Extremely confident,Extremely confident,Extensive,Extensive,Good,Extensive,Extensive,Good,Agree,Agree,Disagree,Strongly agree,Strongly agree,NA,NA,Glass language like.,NA,NA
114628000077,431822954,2024-06-15,2024-06-16,199.219.39.56,jbosco@llc.com,Yamilet,Prohaska,24290077,Very knowledgeable,Slightly confident,Extremely confident,Very confident,Somewhat confident,Somewhat confident,Somewhat confident,Not at all confident,Very confident,Slight,Extensive,Slight,Minimal,Moderate,Good,Agree,Disagree,Neither agree nor disagree,Disagree,Neither agree nor disagree,Female,Faculty,White (Non-Hispanic/Latino),Yes,Extremely knowledgeable,Slightly confident,Slightly confident,Extremely confident,Extremely confident,Extremely confident,Somewhat confident,Somewhat confident,Somewhat confident,Moderate,Extensive,Good,Good,Minimal,Good,Agree,Strongly agree,Strongly disagree,Agree,Strongly agree,NA,NA,Than create then will live guess point. From cut blood.,NA,NA
114628000078,431822954,2024-06-15,2024-06-16,44.58.24.79,hkris@erdman.com,Blanche,Reilly,24290078,Not knowledgeable at all,Very confident,Somewhat confident,Slightly confident,Extremely confident,Not at all confident,Extremely confident,Slightly confident,Very confident,Good,Moderate,Moderate,Minimal,Minimal,Good,Neither agree nor disagree,Strongly disagree,Agree,Neither agree nor disagree,Agree,Female,Postdoc,Asian,Yes,Extremely knowledgeable,Slightly confident,Not at all confident,Somewhat confident,Very confident,Somewhat confident,Extremely confident,Extremely confident,Somewhat confident,Extensive,Slight,Moderate,Extensive,Moderate,Minimal,Agree,Strongly disagree,Neither agree nor disagree,Agree,Strongly agree,NA,Ten according together that. Tell right outside whether involve agency. Reach adult you lot since prevent give.,NA,NA,NA
114628000079,431822954,2024-06-10,2024-06-11,194.90.162.50,sanford.judge@hotmail.com,Ena,Aufderhar,24290079,Somewhat knowledgeable,Somewhat confident,Not at all confident,Not at all confident,Somewhat confident,Slightly confident,Slightly confident,Not at all confident,Not at all confident,Moderate,Moderate,Minimal,Minimal,Moderate,Slight,Neither agree nor disagree,Neither agree nor disagree,Strongly disagree,Strongly disagree,Disagree,Female,Graduate student,White (Non-Hispanic/Latino),No,Not knowledgeable at all,Very confident,Extremely confident,Extremely confident,Very confident,Extremely confident,Very confident,Extremely confident,Extremely confident,Extensive,Good,Moderate,Extensive,Extensive,Good,Agree,Neither agree nor disagree,Disagree,Strongly agree,Neither agree nor disagree,NA,NA,Sport close bank after fact. Fight daughter road total.,NA,NA
114628000080,431822954,2024-06-02,2024-06-03,128.10.161.146,hgaylord@rippin.org,Menachem,Torp,24290080,Not knowledgeable at all,Somewhat confident,Somewhat confident,Somewhat confident,Somewhat confident,Extremely confident,Extremely confident,Not at all confident,Extremely confident,Extensive,Moderate,Extensive,Extensive,Minimal,Good,Neither agree nor disagree,Neither agree nor disagree,Neither agree nor disagree,Strongly disagree,Neither agree nor disagree,Male,Undergraduate student,Black,Yes,Very knowledgeable,Extremely confident,Extremely confident,Very confident,Very confident,Slightly confident,Extremely confident,Slightly confident,Somewhat confident,Minimal,Good,Moderate,Moderate,Moderate,Moderate,Strongly agree,Disagree,Disagree,Strongly disagree,Neither agree nor disagree,NA,Fish forward at base opportunity.,Fish forward at base opportunity.,Response night relate reveal cultural safe.,NA
114628000081,431822954,2024-06-22,2024-06-23,163.223.108.210,sabastian02@graham.com,Jerrold,Crist,24290081,Not knowledgeable at all,Extremely confident,Not at all confident,Extremely confident,Slightly confident,Very confident,Somewhat confident,Very confident,Slightly confident,Moderate,Good,Minimal,Slight,Good,Good,Neither agree nor disagree,Neither agree nor disagree,Strongly agree,Agree,Neither agree nor disagree,Male,Postdoc,White (Non-Hispanic/Latino),Yes,Extremely knowledgeable,Very confident,Slightly confident,Very confident,Extremely confident,Slightly confident,Somewhat confident,Extremely confident,Very confident,Slight,Extensive,Good,Extensive,Extensive,Good,Strongly agree,Neither agree nor disagree,Strongly agree,Strongly agree,Agree,NA,NA,NA,NA,NA
114628000082,431822954,2024-06-15,2024-06-16,150.19.189.86,roswell.reichel@plc.com,Eddie,Prohaska,24290082,Not knowledgeable at all,Not at all confident,Not at all confident,Very confident,Slightly confident,Very confident,Somewhat confident,Not at all confident,Very confident,Moderate,Slight,Minimal,Slight,Good,Minimal,Neither agree nor disagree,Neither agree nor disagree,Neither agree nor disagree,Strongly disagree,Neither agree nor disagree,Male,Graduate student,Asian,No,Extremely knowledgeable,Very confident,Extremely confident,Very confident,Extremely confident,Very confident,Somewhat confident,Very confident,Extremely confident,Moderate,Good,Good,Good,Moderate,Extensive,Disagree,Agree,Agree,Disagree,Disagree,Government fund door develop. The direction choose away pay reason. Theory stuff want student.,NA,NA,Local prepare nothing itself with rule. Control pick base above. Seven civil point school his agency material.,Ground make order. Simple new result class them television game.
114628000083,431822954,2024-06-19,2024-06-20,32.215.176.122,ccrist@hotmail.com,Elvina,Dach,24290083,A little knowledgeable,Somewhat confident,Not at all confident,Not at all confident,Somewhat confident,Extremely confident,Somewhat confident,Extremely confident,Extremely confident,Moderate,Moderate,Slight,Slight,Moderate,Minimal,Neither agree nor disagree,Agree,Neither agree nor disagree,Disagree,Agree,Female,Graduate student,Native Hawaiian or other Pacific Islander,No,Extremely knowledgeable,Very confident,Very confident,Very confident,Somewhat confident,Extremely confident,Extremely confident,Extremely confident,Extremely confident,Moderate,Good,Extensive,Slight,Minimal,Moderate,Neither agree nor disagree,Strongly agree,Strongly agree,Agree,Neither agree nor disagree,NA,NA,NA,NA,NA
114628000084,431822954,2024-06-12,2024-06-13,106.204.174.33,lnader@yahoo.com,Tabatha,Fadel,24290084,Extremely knowledgeable,Extremely confident,Not at all confident,Very confident,Very confident,Not at all confident,Not at all confident,Slightly confident,Extremely confident,Good,Minimal,Good,Minimal,Minimal,Moderate,Neither agree nor disagree,Strongly disagree,Strongly agree,Strongly disagree,Strongly agree,Female,Undergraduate student,White (Non-Hispanic/Latino),Yes,Very knowledgeable,Slightly confident,Extremely confident,Somewhat confident,Somewhat confident,Very confident,Somewhat confident,Very confident,Extremely confident,Good,Good,Extensive,Good,Minimal,Good,Neither agree nor disagree,Strongly agree,Strongly disagree,Strongly agree,Disagree,NA,NA,Personal suffer raise available peace high out card. Conference however through six summer feel difficult why.,NA,Trouble player country night teach understand occur. Raise environmental trade raise.
114628000085,431822954,2024-06-24,2024-06-25,122.120.37.92,shea.bradtke@hickle.com,Rebecca,Leffler,24290085,Very knowledgeable,Not at all confident,Extremely confident,Not at all confident,Extremely confident,Somewhat confident,Extremely confident,Somewhat confident,Not at all confident,Slight,Slight,Minimal,Minimal,Minimal,Slight,Agree,Disagree,Strongly agree,Strongly agree,Agree,Female,Graduate student,Black,No,Extremely knowledgeable,Very confident,Very confident,Very confident,Extremely confident,Not at all confident,Extremely confident,Extremely confident,Extremely confident,Slight,Good,Slight,Good,Slight,Moderate,Neither agree nor disagree,Strongly agree,Agree,Strongly disagree,Agree,NA,NA,NA,Economic above economic town give traditional. Few sound story.,NA
114628000086,431822954,2024-06-09,2024-06-10,129.103.182.25,sid.harber@gmail.com,Azzie,Turner,24290086,Not knowledgeable at all,Somewhat confident,Not at all confident,Not at all confident,Not at all confident,Not at all confident,Somewhat confident,Somewhat confident,Slightly confident,Extensive,Extensive,Slight,Good,Moderate,Slight,Disagree,Agree,Neither agree nor disagree,Strongly disagree,Agree,Female,Undergraduate student,Hispanic or Latino,Yes,Extremely knowledgeable,Somewhat confident,Extremely confident,Very confident,Somewhat confident,Somewhat confident,Very confident,Very confident,Somewhat confident,Extensive,Good,Slight,Extensive,Good,Moderate,Disagree,Agree,Strongly disagree,Agree,Strongly agree,Poor tree either high kid benefit box. Career particular suddenly card value arrive beyond.,NA,Mind state yet raise sort defense firm. Yet style anyone set involve. Economy five decide statement college. Involve allow room baby election when.,NA,NA
114628000087,431822954,2024-06-05,2024-06-06,218.167.31.227,mcollins@murazik.com,Joy,Heidenreich,24290087,Not knowledgeable at all,Extremely confident,Slightly confident,Not at all confident,Very confident,Slightly confident,Extremely confident,Not at all confident,Extremely confident,Moderate,Slight,Minimal,Slight,Minimal,Good,Neither agree nor disagree,Agree,Disagree,Strongly disagree,Agree,Male,Postdoc,Black,No,Extremely knowledgeable,Extremely confident,Extremely confident,Slightly confident,Somewhat confident,Not at all confident,Somewhat confident,Very confident,Slightly confident,Extensive,Slight,Moderate,Extensive,Moderate,Good,Strongly agree,Neither agree nor disagree,Agree,Strongly agree,Neither agree nor disagree,NA,NA,NA,NA,NA
114628000088,431822954,2024-06-12,2024-06-13,163.219.235.173,reece14@hayes.com,Deondre,Emard,24290088,A little knowledgeable,Very confident,Not at all confident,Slightly confident,Somewhat confident,Somewhat confident,Extremely confident,Not at all confident,Not at all confident,Extensive,Moderate,Minimal,Extensive,Extensive,Moderate,Agree,Neither agree nor disagree,Neither agree nor disagree,Strongly agree,Agree,Male,Undergraduate student,Native Hawaiian or other Pacific Islander,No,Extremely knowledgeable,Slightly confident,Extremely confident,Very confident,Extremely confident,Slightly confident,Extremely confident,Very confident,Extremely confident,Minimal,Moderate,Extensive,Good,Good,Extensive,Strongly agree,Agree,Agree,Strongly disagree,Agree,NA,NA,NA,Quite economic image dream face fund truth. Color blood he air particularly network. Really pass mention fast here program tonight song. Themselves national affect drop other.,NA
114628000089,431822954,2024-06-11,2024-06-12,245.38.18.24,earl.reinger@and.net,Paris,Heller,24290089,Not knowledgeable at all,Extremely confident,Slightly confident,Somewhat confident,Slightly confident,Somewhat confident,Slightly confident,Not at all confident,Slightly confident,Slight,Minimal,Moderate,Minimal,Moderate,Moderate,Agree,Agree,Disagree,Disagree,Agree,Male,Undergraduate student,White (Non-Hispanic/Latino),No,Very knowledgeable,Extremely confident,Extremely confident,Slightly confident,Extremely confident,Somewhat confident,Somewhat confident,Not at all confident,Very confident,Slight,Extensive,Extensive,Extensive,Moderate,Extensive,Agree,Strongly agree,Disagree,Disagree,Agree,NA,NA,Dinner move none certainly. Foot maintain admit type. Popular ready trial region mission support tell half.,Fire fall economic last production yeah box. National letter American economy away shake such.,NA
114628000090,431822954,2024-06-16,2024-06-17,12.0.66.29,benjamine.moore@group.com,Cal,Lehner,24290090,Not knowledgeable at all,Very confident,Not at all confident,Extremely confident,Very confident,Extremely confident,Not at all confident,Very confident,Somewhat confident,Slight,Moderate,Minimal,Minimal,Moderate,Slight,Disagree,Disagree,Neither agree nor disagree,Strongly disagree,Agree,Male,Postdoc,White (Non-Hispanic/Latino),No,Extremely knowledgeable,Slightly confident,Extremely confident,Slightly confident,Somewhat confident,Extremely confident,Slightly confident,Very confident,Somewhat confident,Good,Extensive,Slight,Extensive,Good,Slight,Agree,Strongly agree,Strongly agree,Strongly agree,Strongly agree,NA,NA,NA,NA,NA
114628000091,431822954,2024-06-22,2024-06-23,180.158.101.80,gcummerata@hotmail.com,Katlyn,Kuhlman,24290091,Somewhat knowledgeable,Very confident,Slightly confident,Very confident,Slightly confident,Slightly confident,Slightly confident,Not at all confident,Somewhat confident,Slight,Slight,Good,Moderate,Moderate,Minimal,Neither agree nor disagree,Strongly disagree,Strongly disagree,Neither agree nor disagree,Neither agree nor disagree,Female,Graduate student,White (Non-Hispanic/Latino),Yes,Somewhat knowledgeable,Extremely confident,Extremely confident,Very confident,Very confident,Somewhat confident,Extremely confident,Extremely confident,Extremely confident,Extensive,Moderate,Slight,Minimal,Extensive,Good,Strongly agree,Neither agree nor disagree,Agree,Strongly agree,Neither agree nor disagree,NA,NA,NA,NA,NA
114628000092,431822954,2024-06-05,2024-06-06,181.112.14.81,oliva.lubowitz@yahoo.com,Tanja,Jenkins,24290092,Not knowledgeable at all,Not at all confident,Not at all confident,Extremely confident,Somewhat confident,Extremely confident,Somewhat confident,Extremely confident,Extremely confident,Minimal,Minimal,Extensive,Slight,Slight,Moderate,Neither agree nor disagree,Strongly agree,Strongly agree,Strongly disagree,Neither agree nor disagree,Female,Undergraduate student,White (Non-Hispanic/Latino),No,Not knowledgeable at all,Extremely confident,Very confident,Very confident,Extremely confident,Slightly confident,Very confident,Very confident,Extremely confident,Good,Good,Moderate,Moderate,Slight,Good,Neither agree nor disagree,Agree,Strongly agree,Strongly agree,Neither agree nor disagree,NA,NA,NA,NA,NA
114628000093,431822954,2024-06-01,2024-06-02,72.236.55.239,trinity.bogan@padberg.com,Cheryll,Orn,24290093,Not knowledgeable at all,Somewhat confident,Extremely confident,Very confident,Extremely confident,Very confident,Not at all confident,Not at all confident,Extremely confident,Moderate,Moderate,Slight,Minimal,Minimal,Minimal,Neither agree nor disagree,Agree,Strongly disagree,Disagree,Agree,Female,Undergraduate student,Asian,No,Not knowledgeable at all,Extremely confident,Not at all confident,Somewhat confident,Extremely confident,Extremely confident,Extremely confident,Somewhat confident,Not at all confident,Moderate,Extensive,Moderate,Extensive,Extensive,Moderate,Neither agree nor disagree,Agree,Disagree,Strongly agree,Agree,NA,NA,Or spend fire might speak less make. Image including I writer appear add. Positive beyond nation also system leg.,NA,NA
114628000094,431822954,2024-06-21,2024-06-22,113.205.111.46,ziemann.hershel@heathcote.com,Michaele,Yost,24290094,Not knowledgeable at all,Somewhat confident,Not at all confident,Not at all confident,Not at all confident,Slightly confident,Somewhat confident,Not at all confident,Somewhat confident,Slight,Good,Slight,Slight,Slight,Moderate,Disagree,Strongly disagree,Neither agree nor disagree,Disagree,Neither agree nor disagree,Female,Undergraduate student,Asian,Yes,Very knowledgeable,Somewhat confident,Extremely confident,Slightly confident,Very confident,Somewhat confident,Extremely confident,Somewhat confident,Very confident,Extensive,Moderate,Minimal,Minimal,Slight,Moderate,Neither agree nor disagree,Strongly agree,Agree,Agree,Strongly agree,NA,NA,NA,NA,NA
114628000095,431822954,2024-06-18,2024-06-19,46.77.216.32,trilby83@and.org,Christiana,Ondricka,24290095,Not knowledgeable at all,Very confident,Not at all confident,Very confident,Extremely confident,Somewhat confident,Very confident,Slightly confident,Somewhat confident,Good,Extensive,Good,Minimal,Minimal,Good,Neither agree nor disagree,Disagree,Strongly agree,Strongly disagree,Neither agree nor disagree,Female,Undergraduate student,Asian,Yes,Extremely knowledgeable,Not at all confident,Somewhat confident,Slightly confident,Extremely confident,Slightly confident,Extremely confident,Not at all confident,Somewhat confident,Good,Extensive,Moderate,Good,Extensive,Moderate,Neither agree nor disagree,Agree,Neither agree nor disagree,Strongly agree,Agree,NA,NA,NA,NA,NA
114628000096,431822954,2024-06-02,2024-06-03,174.23.86.142,rosamond21@hotmail.com,Tracie,Keeling,24290096,Not knowledgeable at all,Very confident,Very confident,Extremely confident,Not at all confident,Slightly confident,Very confident,Not at all confident,Very confident,Minimal,Moderate,Good,Slight,Slight,Minimal,Agree,Neither agree nor disagree,Neither agree nor disagree,Neither agree nor disagree,Neither agree nor disagree,Female,Faculty,Black,No,Extremely knowledgeable,Somewhat confident,Extremely confident,Very confident,Slightly confident,Very confident,Somewhat confident,Extremely confident,Very confident,Slight,Extensive,Minimal,Moderate,Moderate,Extensive,Neither agree nor disagree,Neither agree nor disagree,Agree,Strongly agree,Disagree,NA,NA,NA,NA,Suffer heart from father write cultural remember. Group lead another gun.
114628000097,431822954,2024-06-09,2024-06-10,141.166.112.106,watsica.juliann@bruen.com,Tawnya,Macejkovic,24290097,Not knowledgeable at all,Very confident,Not at all confident,Very confident,Slightly confident,Not at all confident,Not at all confident,Very confident,Very confident,Good,Good,Extensive,Good,Minimal,Moderate,Strongly agree,Agree,Disagree,Strongly disagree,Strongly disagree,Female,Undergraduate student,White (Non-Hispanic/Latino),No,Somewhat knowledgeable,Somewhat confident,Slightly confident,Somewhat confident,Somewhat confident,Somewhat confident,Extremely confident,Very confident,Somewhat confident,Extensive,Extensive,Slight,Extensive,Good,Extensive,Disagree,Agree,Strongly disagree,Strongly agree,Neither agree nor disagree,Quality game century thank building.,NA,National father data author impact hear send. Treatment car former wait manager growth. Interesting push hard one property.,NA,NA
114628000098,431822954,2024-06-12,2024-06-13,9.40.82.92,dietrich.myrtle@mayer.com,Rheta,Mayert,24290098,Very knowledgeable,Somewhat confident,Not at all confident,Very confident,Very confident,Very confident,Slightly confident,Somewhat confident,Very confident,Minimal,Good,Minimal,Minimal,Moderate,Slight,Neither agree nor disagree,Agree,Neither agree nor disagree,Strongly disagree,Neither agree nor disagree,Female,Graduate student,Hispanic or Latino,No,Extremely knowledgeable,Slightly confident,Extremely confident,Extremely confident,Extremely confident,Extremely confident,Extremely confident,Not at all confident,Very confident,Moderate,Extensive,Minimal,Extensive,Good,Extensive,Strongly agree,Agree,Agree,Agree,Neither agree nor disagree,NA,NA,NA,NA,NA
114628000099,431822954,2024-06-04,2024-06-05,230.216.246.17,dani.champlin@hotmail.com,Kirstin,Harvey,24290099,Not knowledgeable at all,Somewhat confident,Not at all confident,Not at all confident,Somewhat confident,Slightly confident,Slightly confident,Not at all confident,Somewhat confident,Slight,Moderate,Slight,Extensive,Moderate,Minimal,Disagree,Disagree,Neither agree nor disagree,Strongly disagree,Strongly disagree,Female,Undergraduate student,American Indian or Alaskan Native,Yes,A little knowledgeable,Slightly confident,Slightly confident,Not at all confident,Extremely confident,Very confident,Very confident,Extremely confident,Very confident,Moderate,Extensive,Extensive,Good,Minimal,Extensive,Agree,Strongly agree,Disagree,Strongly agree,Neither agree nor disagree,NA,NA,Least a heavy my character free hospital. Firm resource agree television require. Concern buy democratic wonder.,NA,NA
114628000100,431822954,2024-06-22,2024-06-23,185.70.255.234,ileuschke@gmail.com,Plummer,Langosh,24290100,Very knowledgeable,Extremely confident,Very confident,Slightly confident,Somewhat confident,Not at all confident,Very confident,Not at all confident,Slightly confident,Moderate,Good,Extensive,Good,Moderate,Moderate,Agree,Disagree,Strongly disagree,Strongly disagree,Neither agree nor disagree,Male,Faculty,Native Hawaiian or other Pacific Islander,Yes,Extremely knowledgeable,Very confident,Slightly confident,Slightly confident,Extremely confident,Slightly confident,Somewhat confident,Not at all confident,Extremely confident,Moderate,Extensive,Extensive,Extensive,Minimal,Moderate,Strongly agree,Disagree,Disagree,Strongly agree,Strongly agree,NA,Officer himself wear statement. Easy visit sound white measure. So analysis television doctor.,Prove trip buy relate ten TV. Management smile lot travel form. Remain experience boy well organization.,NA,NA
